Personalnummer;146589:;0;Datensatz/Datensätze;gelöscht
Personalnummer;146621:;0;Datensatz/Datensätze;gelöscht
Personalnummer;146688:;0;Datensatz/Datensätze;gelöscht
Personalnummer;146811:;0;Datensatz/Datensätze;gelöscht
Personalnummer;147082:;0;Datensatz/Datensätze;gelöscht
Personalnummer;147116:;0;Datensatz/Datensätze;gelöscht
Personalnummer;147157:;0;Datensatz/Datensätze;gelöscht
Personalnummer;147207:;0;Datensatz/Datensätze;gelöscht
Personalnummer;147298:;0;Datensatz/Datensätze;gelöscht
Personalnummer;147348:;0;Datensatz/Datensätze;gelöscht
Personalnummer;147363:;0;Datensatz/Datensätze;gelöscht
Personalnummer;147371:;0;Datensatz/Datensätze;gelöscht
Personalnummer;147579:;0;Datensatz/Datensätze;gelöscht
Personalnummer;147710:;0;Datensatz/Datensätze;gelöscht
Personalnummer;147728:;0;Datensatz/Datensätze;gelöscht
Personalnummer;147892:;0;Datensatz/Datensätze;gelöscht
Personalnummer;148098:;0;Datensatz/Datensätze;gelöscht
Personalnummer;148122:;0;Datensatz/Datensätze;gelöscht
Personalnummer;148528:;0;Datensatz/Datensätze;gelöscht
Personalnummer;148551:;0;Datensatz/Datensätze;gelöscht
Personalnummer;148916:;0;Datensatz/Datensätze;gelöscht
Personalnummer;149039:;0;Datensatz/Datensätze;gelöscht
Personalnummer;149146:;0;Datensatz/Datensätze;gelöscht
Personalnummer;149211:;0;Datensatz/Datensätze;gelöscht
Personalnummer;149542:;0;Datensatz/Datensätze;gelöscht
Personalnummer;150961:;0;Datensatz/Datensätze;gelöscht
Personalnummer;151472:;0;Datensatz/Datensätze;gelöscht
Personalnummer;151738:;0;Datensatz/Datensätze;gelöscht
Personalnummer;152496:;0;Datensatz/Datensätze;gelöscht
Personalnummer;156810:;0;Datensatz/Datensätze;gelöscht
Personalnummer;157602:;0;Datensatz/Datensätze;gelöscht
Personalnummer;157859:;0;Datensatz/Datensätze;gelöscht
Personalnummer;159996:;0;Datensatz/Datensätze;gelöscht
Personalnummer;168989:;0;Datensatz/Datensätze;gelöscht
Personalnummer;173468:;0;Datensatz/Datensätze;gelöscht
Personalnummer;173708:;0;Datensatz/Datensätze;gelöscht
Personalnummer;173955:;0;Datensatz/Datensätze;gelöscht
Personalnummer;173989:;0;Datensatz/Datensätze;gelöscht
Personalnummer;174458:;0;Datensatz/Datensätze;gelöscht
Personalnummer;175430:;0;Datensatz/Datensätze;gelöscht
Personalnummer;176339:;0;Datensatz/Datensätze;gelöscht
Personalnummer;176743:;0;Datensatz/Datensätze;gelöscht
Personalnummer;176933:;0;Datensatz/Datensätze;gelöscht
Personalnummer;177873:;0;Datensatz/Datensätze;gelöscht
Personalnummer;178079:;0;Datensatz/Datensätze;gelöscht
Personalnummer;185694:;0;Datensatz/Datensätze;gelöscht
Personalnummer;186171:;0;Datensatz/Datensätze;gelöscht
Personalnummer;190447:;0;Datensatz/Datensätze;gelöscht
Personalnummer;191585:;0;Datensatz/Datensätze;gelöscht
Personalnummer;206938:;0;Datensatz/Datensätze;gelöscht
Personalnummer;206987:;0;Datensatz/Datensätze;gelöscht
Personalnummer;207035:;0;Datensatz/Datensätze;gelöscht
Personalnummer;207498:;0;Datensatz/Datensätze;gelöscht
Personalnummer;208280:;0;Datensatz/Datensätze;gelöscht
Personalnummer;208397:;0;Datensatz/Datensätze;gelöscht
Personalnummer;208579:;0;Datensatz/Datensätze;gelöscht
Personalnummer;209270:;0;Datensatz/Datensätze;gelöscht
Personalnummer;215459:;0;Datensatz/Datensätze;gelöscht
Personalnummer;230078:;0;Datensatz/Datensätze;gelöscht
Personalnummer;230763:;0;Datensatz/Datensätze;gelöscht
Personalnummer;231720:;0;Datensatz/Datensätze;gelöscht
Personalnummer;232249:;0;Datensatz/Datensätze;gelöscht
Personalnummer;232439:;0;Datensatz/Datensätze;gelöscht
Personalnummer;252585:;0;Datensatz/Datensätze;gelöscht
Personalnummer;253286:;0;Datensatz/Datensätze;gelöscht
Personalnummer;253864:;0;Datensatz/Datensätze;gelöscht
Personalnummer;255281:;0;Datensatz/Datensätze;gelöscht
Personalnummer;255638:;0;Datensatz/Datensätze;gelöscht
Personalnummer;255935:;0;Datensatz/Datensätze;gelöscht
Personalnummer;256081:;0;Datensatz/Datensätze;gelöscht
Personalnummer;256313:;0;Datensatz/Datensätze;gelöscht
Personalnummer;256727:;0;Datensatz/Datensätze;gelöscht
Personalnummer;256883:;0;Datensatz/Datensätze;gelöscht
Personalnummer;258624:;0;Datensatz/Datensätze;gelöscht
Personalnummer;259010:;0;Datensatz/Datensätze;gelöscht
Personalnummer;265024:;0;Datensatz/Datensätze;gelöscht
Personalnummer;269035:;0;Datensatz/Datensätze;gelöscht
Personalnummer;269076:;0;Datensatz/Datensätze;gelöscht
Personalnummer;280149:;0;Datensatz/Datensätze;gelöscht
Personalnummer;280271:;0;Datensatz/Datensätze;gelöscht
Personalnummer;280388:;0;Datensatz/Datensätze;gelöscht
Personalnummer;280461:;0;Datensatz/Datensätze;gelöscht
Personalnummer;280503:;0;Datensatz/Datensätze;gelöscht
Personalnummer;280677:;0;Datensatz/Datensätze;gelöscht
Personalnummer;280693:;0;Datensatz/Datensätze;gelöscht
Personalnummer;280784:;0;Datensatz/Datensätze;gelöscht
Personalnummer;280891:;0;Datensatz/Datensätze;gelöscht
Personalnummer;281600:;0;Datensatz/Datensätze;gelöscht
Personalnummer;281683:;0;Datensatz/Datensätze;gelöscht
Personalnummer;281790:;0;Datensatz/Datensätze;gelöscht
Personalnummer;281816:;0;Datensatz/Datensätze;gelöscht
Personalnummer;281931:;0;Datensatz/Datensätze;gelöscht
Personalnummer;282053:;0;Datensatz/Datensätze;gelöscht
Personalnummer;282145:;0;Datensatz/Datensätze;gelöscht
Personalnummer;282210:;0;Datensatz/Datensätze;gelöscht
Personalnummer;282368:;0;Datensatz/Datensätze;gelöscht
Personalnummer;282384:;0;Datensatz/Datensätze;gelöscht
Personalnummer;282525:;0;Datensatz/Datensätze;gelöscht
Personalnummer;283192:;0;Datensatz/Datensätze;gelöscht
Personalnummer;283481:;0;Datensatz/Datensätze;gelöscht
Personalnummer;283705:;0;Datensatz/Datensätze;gelöscht
Personalnummer;283770:;0;Datensatz/Datensätze;gelöscht
Personalnummer;284091:;0;Datensatz/Datensätze;gelöscht
Personalnummer;299781:;0;Datensatz/Datensätze;gelöscht
Personalnummer;301531:;0;Datensatz/Datensätze;gelöscht
Personalnummer;310003:;0;Datensatz/Datensätze;gelöscht
Personalnummer;310011:;0;Datensatz/Datensätze;gelöscht
Personalnummer;310573:;0;Datensatz/Datensätze;gelöscht
Personalnummer;310615:;0;Datensatz/Datensätze;gelöscht
Personalnummer;310680:;0;Datensatz/Datensätze;gelöscht
Personalnummer;310730:;0;Datensatz/Datensätze;gelöscht
Personalnummer;310961:;0;Datensatz/Datensätze;gelöscht
Personalnummer;310979:;0;Datensatz/Datensätze;gelöscht
Personalnummer;311142:;0;Datensatz/Datensätze;gelöscht
Personalnummer;311191:;0;Datensatz/Datensätze;gelöscht
Personalnummer;311340:;0;Datensatz/Datensätze;gelöscht
Personalnummer;312066:;0;Datensatz/Datensätze;gelöscht
Personalnummer;312884:;0;Datensatz/Datensätze;gelöscht
Personalnummer;313130:;0;Datensatz/Datensätze;gelöscht
Personalnummer;313650:;0;Datensatz/Datensätze;gelöscht
Personalnummer;314864:;0;Datensatz/Datensätze;gelöscht
Personalnummer;315218:;0;Datensatz/Datensätze;gelöscht
Personalnummer;318501:;0;Datensatz/Datensätze;gelöscht
Personalnummer;319160:;0;Datensatz/Datensätze;gelöscht
Personalnummer;319285:;0;Datensatz/Datensätze;gelöscht
Personalnummer;319368:;0;Datensatz/Datensätze;gelöscht
Personalnummer;319681:;0;Datensatz/Datensätze;gelöscht
Personalnummer;320747:;0;Datensatz/Datensätze;gelöscht
Personalnummer;321174:;0;Datensatz/Datensätze;gelöscht
Personalnummer;321323:;0;Datensatz/Datensätze;gelöscht
Personalnummer;321505:;0;Datensatz/Datensätze;gelöscht
Personalnummer;321596:;0;Datensatz/Datensätze;gelöscht
Personalnummer;321729:;0;Datensatz/Datensätze;gelöscht
Personalnummer;321869:;0;Datensatz/Datensätze;gelöscht
Personalnummer;321877:;0;Datensatz/Datensätze;gelöscht
Personalnummer;321984:;0;Datensatz/Datensätze;gelöscht
Personalnummer;322131:;0;Datensatz/Datensätze;gelöscht
Personalnummer;322198:;0;Datensatz/Datensätze;gelöscht
Personalnummer;322529:;0;Datensatz/Datensätze;gelöscht
Personalnummer;322594:;0;Datensatz/Datensätze;gelöscht
Personalnummer;323022:;0;Datensatz/Datensätze;gelöscht
Personalnummer;323519:;0;Datensatz/Datensätze;gelöscht
Personalnummer;323592:;0;Datensatz/Datensätze;gelöscht
Personalnummer;323753:;0;Datensatz/Datensätze;gelöscht
Personalnummer;324095:;0;Datensatz/Datensätze;gelöscht
Personalnummer;324178:;0;Datensatz/Datensätze;gelöscht
Personalnummer;326207:;0;Datensatz/Datensätze;gelöscht
Personalnummer;326777:;0;Datensatz/Datensätze;gelöscht
Personalnummer;326991:;0;Datensatz/Datensätze;gelöscht
Personalnummer;335638:;0;Datensatz/Datensätze;gelöscht
Personalnummer;336685:;0;Datensatz/Datensätze;gelöscht
Personalnummer;336727:;0;Datensatz/Datensätze;gelöscht
Personalnummer;336768:;0;Datensatz/Datensätze;gelöscht
Personalnummer;336982:;0;Datensatz/Datensätze;gelöscht
Personalnummer;337022:;0;Datensatz/Datensätze;gelöscht
Personalnummer;337097:;0;Datensatz/Datensätze;gelöscht
Personalnummer;337117:;0;Datensatz/Datensätze;gelöscht
Personalnummer;337212:;0;Datensatz/Datensätze;gelöscht
Personalnummer;337345:;0;Datensatz/Datensätze;gelöscht
Personalnummer;337360:;0;Datensatz/Datensätze;gelöscht
Personalnummer;337451:;0;Datensatz/Datensätze;gelöscht
Personalnummer;337816:;0;Datensatz/Datensätze;gelöscht
Personalnummer;337956:;0;Datensatz/Datensätze;gelöscht
Personalnummer;338129:;0;Datensatz/Datensätze;gelöscht
Personalnummer;338186:;0;Datensatz/Datensätze;gelöscht
Personalnummer;339515:;0;Datensatz/Datensätze;gelöscht
Personalnummer;339713:;0;Datensatz/Datensätze;gelöscht
Personalnummer;340190:;0;Datensatz/Datensätze;gelöscht
Personalnummer;340463:;0;Datensatz/Datensätze;gelöscht
Personalnummer;340802:;0;Datensatz/Datensätze;gelöscht
Personalnummer;340810:;0;Datensatz/Datensätze;gelöscht
Personalnummer;345132:;0;Datensatz/Datensätze;gelöscht
Personalnummer;345520:;0;Datensatz/Datensätze;gelöscht
Personalnummer;400709:;0;Datensatz/Datensätze;gelöscht
Personalnummer;400908:;0;Datensatz/Datensätze;gelöscht
Personalnummer;401176:;0;Datensatz/Datensätze;gelöscht
Personalnummer;401279:;0;Datensatz/Datensätze;gelöscht
Personalnummer;401642:;0;Datensatz/Datensätze;gelöscht
Personalnummer;401747:;0;Datensatz/Datensätze;gelöscht
Personalnummer;401772:;0;Datensatz/Datensätze;gelöscht
Personalnummer;401801:;0;Datensatz/Datensätze;gelöscht
Personalnummer;401864:;0;Datensatz/Datensätze;gelöscht
Personalnummer;402357:;0;Datensatz/Datensätze;gelöscht
Personalnummer;402539:;0;Datensatz/Datensätze;gelöscht
Personalnummer;403028:;0;Datensatz/Datensätze;gelöscht
Personalnummer;403039:;0;Datensatz/Datensätze;gelöscht
Personalnummer;403115:;0;Datensatz/Datensätze;gelöscht
Personalnummer;403241:;0;Datensatz/Datensätze;gelöscht
Personalnummer;403366:;0;Datensatz/Datensätze;gelöscht
Personalnummer;403438:;0;Datensatz/Datensätze;gelöscht
Personalnummer;403448:;0;Datensatz/Datensätze;gelöscht
Personalnummer;403542:;0;Datensatz/Datensätze;gelöscht
Personalnummer;403554:;0;Datensatz/Datensätze;gelöscht
Personalnummer;403569:;0;Datensatz/Datensätze;gelöscht
Personalnummer;403028:;0;Datensatz/Datensätze;gelöscht
Personalnummer;403039:;0;Datensatz/Datensätze;gelöscht
Personalnummer;403115:;0;Datensatz/Datensätze;gelöscht
Personalnummer;403241:;0;Datensatz/Datensätze;gelöscht
Personalnummer;403366:;0;Datensatz/Datensätze;gelöscht
Personalnummer;403438:;0;Datensatz/Datensätze;gelöscht
Personalnummer;403448:;0;Datensatz/Datensätze;gelöscht
Personalnummer;403542:;0;Datensatz/Datensätze;gelöscht
Personalnummer;403554:;0;Datensatz/Datensätze;gelöscht
Personalnummer;403569:;0;Datensatz/Datensätze;gelöscht
Personalnummer;403920:;0;Datensatz/Datensätze;gelöscht
Personalnummer;403931:;0;Datensatz/Datensätze;gelöscht
Personalnummer;404047:;0;Datensatz/Datensätze;gelöscht
Personalnummer;404075:;0;Datensatz/Datensätze;gelöscht
Personalnummer;404076:;0;Datensatz/Datensätze;gelöscht
Personalnummer;404307:;0;Datensatz/Datensätze;gelöscht
Personalnummer;404379:;0;Datensatz/Datensätze;gelöscht
Personalnummer;404663:;0;Datensatz/Datensätze;gelöscht
Personalnummer;404729:;0;Datensatz/Datensätze;gelöscht
Personalnummer;404850:;0;Datensatz/Datensätze;gelöscht
Personalnummer;404900:;0;Datensatz/Datensätze;gelöscht
Personalnummer;404906:;0;Datensatz/Datensätze;gelöscht
Personalnummer;404932:;0;Datensatz/Datensätze;gelöscht
